order_id,order_date,amount,product_id
ORD1446,2023-01-01,499.04,PROD176
ORD1685,2023-01-02,498.74,PROD169
ORD1856,2023-01-03,201.23,PROD85
ORD1117,2023-01-03,468.03,PROD191
ORD1044,2023-01-04,399.63,PROD58
ORD1573,2023-01-04,143.47,PROD73
ORD1276,2023-01-04,145.5,PROD110
ORD1349,2023-01-05,286.9,PROD157
ORD1024,2023-01-05,155.53,PROD46
ORD1736,2023-01-05,235.28,PROD76
ORD1606,2023-01-06,246.68,PROD164
ORD1988,2023-01-06,308.85,PROD57
ORD1509,2023-01-07,121.79,PROD148
ORD1404,2023-01-07,352.3,PROD22
ORD1283,2023-01-07,367.31,PROD46
ORD1429,2023-01-08,11.27,PROD69
ORD1479,2023-01-09,25.34,PROD63
ORD1519,2023-01-09,112.41,PROD32
ORD1734,2023-01-10,489.03,PROD27
ORD1153,2023-01-10,364.1,PROD50
ORD1152,2023-01-11,156.98,PROD100
ORD1060,2023-01-11,298.86,PROD35
ORD1840,2023-01-13,330.16,PROD140
ORD1695,2023-01-15,245.07,PROD118
ORD1037,2023-01-15,462.78,PROD75
ORD1610,2023-01-15,137.31,PROD200
ORD1236,2023-01-15,42.04,PROD186
ORD1882,2023-01-15,85.27,PROD59
ORD1503,2023-01-16,308.7,PROD173
ORD1406,2023-01-16,122.59,PROD177
ORD1984,2023-01-17,359.21,PROD89
ORD1458,2023-01-17,481.55,PROD179
ORD1441,2023-01-17,53.58,PROD120
ORD1530,2023-01-18,131.7,PROD179
ORD1611,2023-01-18,39.83,PROD154
ORD1646,2023-01-18,342.58,PROD70
ORD1408,2023-01-19,466.95,PROD14
ORD1525,2023-01-20,231.58,PROD25
ORD1811,2023-01-20,85.74,PROD15
ORD1971,2023-01-20,298.33,PROD102
ORD1996,2023-01-21,299.48,PROD192
ORD1822,2023-01-21,406.64,PROD7
ORD1284,2023-01-21,441.16,PROD187
ORD1006,2023-01-21,69.36,PROD97
ORD1295,2023-01-22,476.18,PROD44
ORD1298,2023-01-22,68.5,PROD31
ORD1065,2023-01-23,454.66,PROD183
ORD1749,2023-01-23,148.87,PROD86
ORD1749,2023-01-23,493.75,PROD194
ORD1863,2023-01-24,445.02,PROD195
ORD1389,2023-01-24,487.08,PROD67
ORD1011,2023-01-24,234.19,PROD33
ORD1208,2023-01-25,215.95,PROD174
ORD1155,2023-01-26,489.44,PROD181
ORD1788,2023-01-26,181.3,PROD182
ORD1625,2023-01-26,215.03,PROD189
ORD1125,2023-01-27,459.1,PROD188
ORD1024,2023-01-28,28.29,PROD85
ORD1952,2023-01-28,209.22,PROD10
ORD1449,2023-01-28,424.96,PROD98
ORD1999,2023-01-28,167.77,PROD109
ORD1284,2023-01-29,315.98,PROD75
ORD1470,2023-01-30,89.92,PROD119
ORD1730,2023-01-30,30.89,PROD138
ORD1577,2023-01-30,276.81,PROD42
ORD1602,2023-01-31,370.11,PROD12
ORD1234,2023-01-31,278.57,PROD175
ORD1632,2023-01-31,468.37,PROD26
ORD1404,2023-02-01,398.52,PROD38
ORD1338,2023-02-01,396.66,PROD163
ORD1932,2023-02-02,32.59,PROD163
ORD1881,2023-02-02,254.75,PROD187
ORD1620,2023-02-02,463.01,PROD58
ORD1003,2023-02-03,143.95,PROD31
ORD1229,2023-02-03,42.15,PROD48
ORD1060,2023-02-03,113.32,PROD146
ORD1072,2023-02-03,459.36,PROD51
ORD1865,2023-02-04,342.25,PROD117
ORD1582,2023-02-04,254.67,PROD46
ORD1436,2023-02-04,415.35,PROD35
ORD1010,2023-02-04,369.58,PROD139
ORD1816,2023-02-04,122.92,PROD14
ORD1744,2023-02-05,138.66,PROD188
ORD1047,2023-02-05,185.87,PROD93
ORD1441,2023-02-06,409.1,PROD154
ORD1416,2023-02-06,129.39,PROD98
ORD1956,2023-02-06,124.1,PROD1
ORD1058,2023-02-07,263.44,PROD124
ORD1058,2023-02-07,270.14,PROD70
ORD1484,2023-02-07,222.14,PROD112
ORD1153,2023-02-08,97.9,PROD171
ORD1913,2023-02-08,119.25,PROD38
ORD1661,2023-02-08,59.1,PROD190
ORD1018,2023-02-08,442.62,PROD36
ORD1478,2023-02-10,372.74,PROD197
ORD1141,2023-02-10,142.81,PROD184
ORD1191,2023-02-10,87.85,PROD79
ORD1444,2023-02-10,229.2,PROD80
ORD1896,2023-02-10,478.99,PROD71
ORD1783,2023-02-11,57.87,PROD74
ORD1449,2023-02-11,75.16,PROD98
ORD1848,2023-02-11,197.83,PROD130
ORD1561,2023-02-11,201.04,PROD31
ORD1755,2023-02-12,262.65,PROD75
ORD1458,2023-02-12,257.01,PROD146
ORD1470,2023-02-13,187.78,PROD87
ORD1558,2023-02-13,332.83,PROD12
ORD1529,2023-02-13,110.1,PROD2
ORD1047,2023-02-14,315.81,PROD85
ORD1903,2023-02-15,285.37,PROD38
ORD1908,2023-02-15,348.97,PROD193
ORD1820,2023-02-15,114.15,PROD155
ORD1997,2023-02-15,20.04,PROD79
ORD1179,2023-02-16,144.93,PROD191
ORD1591,2023-02-16,60.69,PROD52
ORD1713,2023-02-16,323.36,PROD155
ORD1189,2023-02-16,69.3,PROD127
ORD1743,2023-02-16,172.0,PROD55
ORD1205,2023-02-16,318.34,PROD39
ORD1386,2023-02-17,27.47,PROD121
ORD1606,2023-02-17,346.16,PROD103
ORD1367,2023-02-17,427.21,PROD66
ORD1776,2023-02-19,472.93,PROD150
ORD1310,2023-02-19,130.28,PROD83
ORD1299,2023-02-19,416.57,PROD54
ORD1098,2023-02-19,72.99,PROD152
ORD1900,2023-02-20,245.83,PROD126
ORD1059,2023-02-20,341.72,PROD39
ORD1348,2023-02-20,34.08,PROD121
ORD1656,2023-02-20,247.76,PROD77
ORD1631,2023-02-20,11.4,PROD174
ORD1266,2023-02-21,392.12,PROD17
ORD1659,2023-02-21,98.79,PROD136
ORD1443,2023-02-23,159.16,PROD22
ORD1970,2023-02-23,43.84,PROD6
ORD1522,2023-02-23,462.38,PROD77
ORD1852,2023-02-24,145.69,PROD91
ORD1582,2023-02-24,465.23,PROD97
ORD1933,2023-02-24,186.6,PROD53
ORD1370,2023-02-25,411.55,PROD139
ORD1439,2023-02-25,331.07,PROD56
ORD1619,2023-02-25,414.37,PROD68
ORD1890,2023-02-25,258.19,PROD27
ORD1919,2023-02-26,156.84,PROD118
ORD1387,2023-02-26,245.99,PROD30
ORD1140,2023-02-26,437.83,PROD160
ORD1564,2023-02-26,233.83,PROD134
ORD1852,2023-02-27,377.13,PROD107
ORD1010,2023-02-28,33.56,PROD50
ORD1269,2023-03-01,102.03,PROD26
ORD1519,2023-03-01,62.19,PROD149
ORD1212,2023-03-02,246.28,PROD155
ORD1192,2023-03-02,76.53,PROD141
ORD1865,2023-03-03,97.04,PROD76
ORD1845,2023-03-03,243.0,PROD62
ORD1280,2023-03-03,492.92,PROD94
ORD1663,2023-03-03,11.08,PROD51
ORD1985,2023-03-04,358.87,PROD38
ORD1805,2023-03-04,133.21,PROD176
ORD1649,2023-03-04,387.69,PROD48
ORD1554,2023-03-05,113.95,PROD184
ORD1005,2023-03-05,399.15,PROD18
ORD1492,2023-03-05,180.31,PROD146
ORD1576,2023-03-05,154.73,PROD67
ORD1875,2023-03-06,248.26,PROD140
ORD1396,2023-03-06,33.96,PROD158
ORD1683,2023-03-06,66.36,PROD95
ORD1722,2023-03-07,359.92,PROD85
ORD1243,2023-03-07,323.24,PROD48
ORD1077,2023-03-07,368.25,PROD89
ORD1701,2023-03-07,50.94,PROD197
ORD1307,2023-03-07,76.27,PROD90
ORD1461,2023-03-07,143.24,PROD115
ORD1194,2023-03-07,455.32,PROD61
ORD1568,2023-03-08,317.02,PROD86
ORD1874,2023-03-08,182.92,PROD119
ORD1370,2023-03-08,460.71,PROD94
ORD1722,2023-03-08,71.46,PROD76
ORD1666,2023-03-09,68.91,PROD71
ORD1183,2023-03-10,471.86,PROD126
ORD1405,2023-03-10,283.29,PROD151
ORD1803,2023-03-10,184.11,PROD25
ORD1706,2023-03-10,105.49,PROD150
ORD1320,2023-03-10,326.14,PROD78
ORD1822,2023-03-11,371.62,PROD6
ORD1999,2023-03-11,65.57,PROD114
ORD1887,2023-03-11,341.58,PROD188
ORD1854,2023-03-12,445.31,PROD69
ORD1116,2023-03-12,384.24,PROD166
ORD1007,2023-03-12,476.53,PROD167
ORD1958,2023-03-12,145.77,PROD165
ORD1864,2023-03-13,25.47,PROD99
ORD1058,2023-03-15,98.23,PROD26
ORD1367,2023-03-16,260.85,PROD97
ORD1002,2023-03-16,303.88,PROD168
ORD1947,2023-03-16,467.54,PROD139
ORD1872,2023-03-16,477.17,PROD45
ORD1922,2023-03-16,330.75,PROD125
ORD1367,2023-03-16,453.77,PROD168
ORD1356,2023-03-17,366.76,PROD89
ORD1662,2023-03-17,10.74,PROD82
ORD1689,2023-03-17,349.63,PROD131
ORD1624,2023-03-18,473.01,PROD141
ORD1797,2023-03-18,107.61,PROD180
ORD1395,2023-03-18,51.52,PROD23
ORD1152,2023-03-18,228.84,PROD161
ORD1405,2023-03-19,422.33,PROD51
ORD1796,2023-03-19,80.27,PROD167
ORD1274,2023-03-19,137.42,PROD186
ORD1007,2023-03-19,404.24,PROD26
ORD1775,2023-03-19,97.24,PROD33
ORD1358,2023-03-19,286.6,PROD66
ORD1322,2023-03-19,187.02,PROD109
ORD1994,2023-03-20,307.61,PROD13
ORD1424,2023-03-20,487.15,PROD89
ORD1331,2023-03-20,350.13,PROD50
ORD1877,2023-03-21,472.79,PROD177
ORD1604,2023-03-22,192.33,PROD69
ORD1399,2023-03-22,407.62,PROD40
ORD1926,2023-03-22,100.03,PROD164
ORD1255,2023-03-23,218.57,PROD49
ORD1327,2023-03-23,407.32,PROD50
ORD1764,2023-03-23,16.14,PROD47
ORD1697,2023-03-23,344.27,PROD7
ORD1427,2023-03-23,301.72,PROD101
ORD1035,2023-03-24,89.05,PROD74
ORD1588,2023-03-24,143.59,PROD70
ORD1469,2023-03-24,189.82,PROD171
ORD1758,2023-03-24,87.33,PROD26
ORD1787,2023-03-24,33.66,PROD183
ORD1886,2023-03-25,182.48,PROD125
ORD1266,2023-03-26,495.53,PROD64
ORD1961,2023-03-26,201.22,PROD98
ORD1177,2023-03-27,411.23,PROD94
ORD1839,2023-03-27,382.81,PROD31
ORD1220,2023-03-27,497.54,PROD164
ORD1373,2023-03-27,355.26,PROD164
ORD1262,2023-03-28,454.5,PROD184
ORD1866,2023-03-29,174.08,PROD179
ORD1842,2023-03-29,349.77,PROD146
ORD1317,2023-03-29,454.24,PROD89
ORD1938,2023-03-29,275.02,PROD183
ORD1393,2023-03-30,53.52,PROD85
ORD1386,2023-03-30,264.15,PROD18
ORD1466,2023-03-31,67.37,PROD50
ORD1483,2023-03-31,124.64,PROD81
ORD1513,2023-03-31,306.15,PROD29
ORD1038,2023-03-31,410.74,PROD96
ORD1576,2023-03-31,436.44,PROD168
ORD1138,2023-04-01,481.05,PROD8
ORD1890,2023-04-01,264.51,PROD59
ORD1658,2023-04-01,337.11,PROD27
ORD1902,2023-04-02,89.49,PROD85
ORD1794,2023-04-02,139.24,PROD36
ORD1911,2023-04-02,148.94,PROD58
ORD1792,2023-04-03,79.21,PROD128
ORD1977,2023-04-03,209.07,PROD25
ORD1253,2023-04-03,233.68,PROD73
ORD1937,2023-04-03,324.28,PROD103
ORD1952,2023-04-04,353.15,PROD113
ORD1482,2023-04-04,400.13,PROD126
ORD1405,2023-04-04,71.24,PROD143
ORD1691,2023-04-05,446.47,PROD33
ORD1188,2023-04-06,300.54,PROD70
ORD1940,2023-04-06,204.86,PROD94
ORD1829,2023-04-06,111.45,PROD83
ORD1970,2023-04-06,215.27,PROD115
ORD1974,2023-04-06,406.75,PROD98
ORD1751,2023-04-06,411.68,PROD90
ORD1586,2023-04-07,391.91,PROD63
ORD1249,2023-04-07,84.78,PROD186
ORD1286,2023-04-07,234.98,PROD75
ORD1063,2023-04-08,91.69,PROD72
ORD1991,2023-04-09,406.83,PROD150
ORD1434,2023-04-09,376.59,PROD175
ORD1332,2023-04-09,147.86,PROD130
ORD1527,2023-04-10,424.65,PROD128
ORD1061,2023-04-10,393.69,PROD83
ORD1830,2023-04-10,281.54,PROD122
ORD1843,2023-04-10,472.98,PROD68
ORD1927,2023-04-10,114.98,PROD178
ORD1861,2023-04-10,158.17,PROD128
ORD1794,2023-04-11,112.0,PROD171
ORD1093,2023-04-11,208.12,PROD24
ORD1254,2023-04-11,421.49,PROD13
ORD1702,2023-04-11,450.29,PROD23
ORD1824,2023-04-11,396.7,PROD48
ORD1593,2023-04-11,490.36,PROD162
ORD1927,2023-04-12,461.76,PROD121
ORD1765,2023-04-12,254.49,PROD90
ORD1422,2023-04-12,81.72,PROD138
ORD1195,2023-04-13,124.61,PROD34
ORD1267,2023-04-13,255.24,PROD93
ORD1831,2023-04-14,14.71,PROD34
ORD1826,2023-04-14,295.43,PROD3
ORD1962,2023-04-14,256.36,PROD200
ORD1478,2023-04-14,237.27,PROD129
ORD1839,2023-04-15,155.64,PROD129
ORD1889,2023-04-15,73.04,PROD117
ORD1622,2023-04-15,109.44,PROD147
ORD1891,2023-04-15,64.14,PROD113
ORD1867,2023-04-16,474.46,PROD125
ORD1231,2023-04-16,178.21,PROD146
ORD1738,2023-04-20,421.36,PROD50
ORD1016,2023-04-20,66.84,PROD89
ORD1801,2023-04-20,487.26,PROD93
ORD1420,2023-04-21,124.46,PROD26
ORD1617,2023-04-21,375.96,PROD199
ORD1864,2023-04-21,325.26,PROD17
ORD1023,2023-04-21,64.16,PROD20
ORD1317,2023-04-22,201.5,PROD111
ORD1559,2023-04-22,359.76,PROD10
ORD1505,2023-04-22,470.83,PROD193
ORD1171,2023-04-23,113.21,PROD117
ORD1345,2023-04-23,201.82,PROD39
ORD1422,2023-04-23,330.88,PROD73
ORD1434,2023-04-24,49.39,PROD3
ORD1941,2023-04-24,421.88,PROD30
ORD1612,2023-04-24,379.35,PROD53
ORD1710,2023-04-25,146.18,PROD24
ORD1771,2023-04-25,460.39,PROD159
ORD1562,2023-04-25,315.72,PROD180
ORD1722,2023-04-25,277.21,PROD77
ORD1662,2023-04-26,422.68,PROD68
ORD1168,2023-04-26,115.98,PROD21
ORD1742,2023-04-26,188.72,PROD13
ORD1713,2023-04-26,244.71,PROD60
ORD1281,2023-04-27,419.92,PROD187
ORD1490,2023-04-28,13.87,PROD61
ORD1960,2023-04-29,486.21,PROD153
ORD1773,2023-04-29,246.02,PROD142
ORD1584,2023-04-30,36.88,PROD96
ORD1495,2023-04-30,365.07,PROD113
ORD1713,2023-05-01,70.82,PROD34
ORD1797,2023-05-01,475.83,PROD91
ORD1967,2023-05-02,207.75,PROD118
ORD1100,2023-05-02,31.42,PROD199
ORD1631,2023-05-02,447.72,PROD18
ORD1427,2023-05-03,28.61,PROD98
ORD1981,2023-05-03,193.73,PROD193
ORD1355,2023-05-03,137.14,PROD181
ORD1513,2023-05-04,170.13,PROD48
ORD1370,2023-05-04,351.61,PROD96
ORD1711,2023-05-04,74.71,PROD181
ORD1190,2023-05-04,339.93,PROD138
ORD1018,2023-05-04,497.76,PROD137
ORD1679,2023-05-04,394.5,PROD154
ORD1183,2023-05-05,248.14,PROD76
ORD1382,2023-05-07,35.83,PROD117
ORD1415,2023-05-08,331.89,PROD154
ORD1863,2023-05-08,20.62,PROD80
ORD1915,2023-05-09,354.22,PROD31
ORD1844,2023-05-09,99.83,PROD197
ORD1971,2023-05-09,355.52,PROD125
ORD1948,2023-05-09,481.2,PROD197
ORD1823,2023-05-10,455.9,PROD20
ORD1225,2023-05-10,215.39,PROD44
ORD1156,2023-05-10,335.94,PROD186
ORD1037,2023-05-10,486.37,PROD83
ORD1543,2023-05-11,336.37,PROD45
ORD1789,2023-05-11,222.21,PROD110
ORD1744,2023-05-12,150.45,PROD139
ORD1152,2023-05-12,243.75,PROD24
ORD1659,2023-05-13,338.12,PROD18
ORD1780,2023-05-13,150.09,PROD197
ORD1643,2023-05-14,167.29,PROD1
ORD1167,2023-05-14,352.9,PROD151
ORD1253,2023-05-15,402.73,PROD16
ORD1565,2023-05-16,175.57,PROD48
ORD1489,2023-05-16,348.69,PROD86
ORD1213,2023-05-16,163.42,PROD81
ORD1980,2023-05-16,489.54,PROD36
ORD1444,2023-05-16,426.64,PROD175
ORD1745,2023-05-16,132.56,PROD64
ORD1954,2023-05-17,462.73,PROD52
ORD1162,2023-05-17,23.98,PROD197
ORD1141,2023-05-18,47.42,PROD66
ORD1980,2023-05-19,499.46,PROD199
ORD1696,2023-05-19,474.9,PROD196
ORD1421,2023-05-21,69.53,PROD80
ORD1524,2023-05-21,380.31,PROD75
ORD1192,2023-05-21,260.71,PROD61
ORD1531,2023-05-21,171.3,PROD116
ORD1905,2023-05-22,102.5,PROD43
ORD1395,2023-05-22,108.16,PROD176
ORD1121,2023-05-23,231.61,PROD196
ORD1210,2023-05-23,283.72,PROD71
ORD1861,2023-05-24,202.31,PROD8
ORD1749,2023-05-24,433.93,PROD110
ORD1967,2023-05-24,453.72,PROD33
ORD1394,2023-05-24,341.65,PROD38
ORD1529,2023-05-26,445.82,PROD33
ORD1623,2023-05-26,429.26,PROD62
ORD1125,2023-05-26,472.28,PROD5
ORD1183,2023-05-26,95.11,PROD108
ORD1291,2023-05-26,397.28,PROD30
ORD1829,2023-05-27,134.29,PROD195
ORD1645,2023-05-27,232.9,PROD170
ORD1895,2023-05-28,268.17,PROD102
ORD1111,2023-05-28,170.63,PROD68
ORD1839,2023-05-29,231.55,PROD13
ORD1521,2023-05-29,439.05,PROD77
ORD1165,2023-05-30,460.89,PROD17
ORD1706,2023-05-31,473.32,PROD51
ORD1645,2023-05-31,494.49,PROD64
ORD1249,2023-06-01,17.59,PROD151
ORD1699,2023-06-01,260.96,PROD35
ORD1580,2023-06-01,46.27,PROD160
ORD1836,2023-06-02,42.28,PROD172
ORD1315,2023-06-02,204.44,PROD99
ORD1983,2023-06-03,19.21,PROD187
ORD1503,2023-06-03,182.46,PROD197
ORD1122,2023-06-04,184.98,PROD129
ORD1892,2023-06-04,216.28,PROD54
ORD1714,2023-06-04,343.48,PROD66
ORD1760,2023-06-04,406.78,PROD169
ORD1827,2023-06-04,397.59,PROD16
ORD1370,2023-06-05,328.47,PROD150
ORD1500,2023-06-05,147.23,PROD6
ORD1835,2023-06-05,17.59,PROD17
ORD1252,2023-06-05,453.35,PROD7
ORD1752,2023-06-06,342.22,PROD76
ORD1801,2023-06-06,463.63,PROD199
ORD1106,2023-06-07,456.68,PROD138
ORD1081,2023-06-07,15.21,PROD161
ORD1273,2023-06-08,44.01,PROD63
ORD1424,2023-06-08,313.63,PROD2
ORD1010,2023-06-08,317.39,PROD117
ORD1252,2023-06-08,88.95,PROD87
ORD1733,2023-06-10,152.56,PROD32
ORD1379,2023-06-10,167.52,PROD57
ORD1650,2023-06-10,282.28,PROD50
ORD1141,2023-06-11,395.74,PROD157
ORD1247,2023-06-11,497.51,PROD60
ORD1729,2023-06-12,326.25,PROD107
ORD1792,2023-06-12,464.25,PROD118
ORD1706,2023-06-13,94.11,PROD130
ORD1643,2023-06-13,397.81,PROD89
ORD1833,2023-06-14,274.86,PROD9
ORD1073,2023-06-15,95.99,PROD55
ORD1114,2023-06-16,243.72,PROD139
ORD1720,2023-06-16,253.29,PROD75
ORD1812,2023-06-16,406.66,PROD200
ORD1794,2023-06-16,220.65,PROD174
ORD1361,2023-06-16,256.41,PROD63
ORD1945,2023-06-17,374.65,PROD108
ORD1874,2023-06-17,391.97,PROD41
ORD1089,2023-06-18,156.36,PROD123
ORD1765,2023-06-18,319.58,PROD165
ORD1454,2023-06-18,156.43,PROD150
ORD1364,2023-06-19,46.22,PROD51
ORD1458,2023-06-19,156.36,PROD119
ORD1229,2023-06-19,410.03,PROD106
ORD1020,2023-06-19,371.52,PROD55
ORD1329,2023-06-20,212.31,PROD95
ORD1304,2023-06-20,29.69,PROD173
ORD1463,2023-06-20,471.16,PROD55
ORD1688,2023-06-21,177.26,PROD129
ORD1642,2023-06-21,435.37,PROD157
ORD1538,2023-06-22,161.32,PROD79
ORD1234,2023-06-22,81.74,PROD195
ORD1330,2023-06-22,374.26,PROD195
ORD1024,2023-06-22,352.8,PROD14
ORD1102,2023-06-24,424.42,PROD85
ORD1067,2023-06-24,321.4,PROD77
ORD1225,2023-06-24,440.42,PROD79
ORD1566,2023-06-25,180.12,PROD63
ORD1460,2023-06-25,151.02,PROD148
ORD1438,2023-06-25,432.59,PROD110
ORD1018,2023-06-27,155.59,PROD177
ORD1900,2023-06-27,174.72,PROD77
ORD1308,2023-06-27,279.52,PROD76
ORD1786,2023-06-28,451.78,PROD42
ORD1012,2023-06-28,323.84,PROD168
ORD1745,2023-06-29,118.71,PROD15
ORD1388,2023-06-29,463.06,PROD144
ORD1481,2023-06-29,493.96,PROD115
ORD1626,2023-06-29,286.82,PROD106
ORD1839,2023-06-30,399.32,PROD154
ORD1821,2023-06-30,119.77,PROD139
ORD1615,2023-06-30,199.87,PROD186
ORD1003,2023-06-30,353.13,PROD162
ORD1518,2023-06-30,68.46,PROD29
ORD1179,2023-06-30,463.26,PROD149
ORD1349,2023-06-30,491.53,PROD69
ORD1109,2023-07-01,162.62,PROD176
ORD1626,2023-07-01,20.32,PROD19
ORD1660,2023-07-01,305.37,PROD86
ORD1956,2023-07-01,447.56,PROD185
ORD1174,2023-07-01,165.2,PROD44
ORD1503,2023-07-01,372.71,PROD45
ORD1857,2023-07-01,402.21,PROD54
ORD1577,2023-07-02,433.01,PROD9
ORD1153,2023-07-02,407.84,PROD78
ORD1345,2023-07-02,99.88,PROD89
ORD1322,2023-07-02,191.79,PROD169
ORD1089,2023-07-03,133.49,PROD90
ORD1731,2023-07-03,261.18,PROD31
ORD1261,2023-07-03,487.13,PROD52
ORD1757,2023-07-04,305.56,PROD164
ORD1006,2023-07-05,260.36,PROD145
ORD1210,2023-07-05,123.02,PROD133
ORD1630,2023-07-05,275.48,PROD150
ORD1872,2023-07-05,150.68,PROD33
ORD1161,2023-07-07,247.23,PROD5
ORD1844,2023-07-07,220.67,PROD90
ORD1950,2023-07-07,98.51,PROD134
ORD1604,2023-07-08,35.44,PROD142
ORD1224,2023-07-08,221.07,PROD20
ORD1465,2023-07-08,491.02,PROD144
ORD1316,2023-07-09,362.11,PROD113
ORD1429,2023-07-09,109.9,PROD61
ORD1158,2023-07-09,497.57,PROD60
ORD1111,2023-07-10,413.51,PROD107
ORD1973,2023-07-10,170.02,PROD143
ORD1777,2023-07-10,460.29,PROD183
ORD1789,2023-07-11,121.77,PROD190
ORD1638,2023-07-11,28.38,PROD176
ORD1169,2023-07-11,476.67,PROD175
ORD1027,2023-07-11,25.03,PROD89
ORD1099,2023-07-12,453.1,PROD43
ORD1879,2023-07-12,44.34,PROD170
ORD1488,2023-07-13,482.98,PROD153
ORD1558,2023-07-13,342.73,PROD120
ORD1450,2023-07-13,105.35,PROD198
ORD1233,2023-07-13,181.79,PROD126
ORD1289,2023-07-14,425.69,PROD150
ORD1257,2023-07-14,357.74,PROD59
ORD1313,2023-07-14,69.76,PROD13
ORD1982,2023-07-14,356.37,PROD175
ORD1047,2023-07-15,376.94,PROD107
ORD1574,2023-07-15,470.96,PROD6
ORD1165,2023-07-15,182.68,PROD66
ORD1329,2023-07-16,450.97,PROD8
ORD1415,2023-07-16,289.29,PROD131
ORD1880,2023-07-17,250.02,PROD155
ORD1784,2023-07-17,13.55,PROD139
ORD1630,2023-07-17,186.77,PROD111
ORD1157,2023-07-18,483.24,PROD102
ORD1033,2023-07-18,149.98,PROD33
ORD1430,2023-07-18,83.4,PROD117
ORD1143,2023-07-18,87.58,PROD85
ORD1016,2023-07-19,438.98,PROD195
ORD1463,2023-07-19,11.59,PROD168
ORD1262,2023-07-19,70.65,PROD111
ORD1470,2023-07-19,404.37,PROD40
ORD1864,2023-07-19,236.53,PROD70
ORD1124,2023-07-19,271.29,PROD80
ORD1088,2023-07-19,478.69,PROD55
ORD1543,2023-07-19,18.25,PROD163
ORD1873,2023-07-19,114.8,PROD169
ORD1989,2023-07-20,280.25,PROD21
ORD1211,2023-07-20,107.54,PROD168
ORD1847,2023-07-21,248.59,PROD131
ORD1121,2023-07-22,77.15,PROD160
ORD1580,2023-07-22,85.12,PROD156
ORD1860,2023-07-22,58.68,PROD102
ORD1962,2023-07-22,325.09,PROD34
ORD1772,2023-07-23,368.37,PROD24
ORD1886,2023-07-23,443.29,PROD61
ORD1629,2023-07-23,221.81,PROD67
ORD1075,2023-07-24,362.91,PROD81
ORD1273,2023-07-24,52.87,PROD23
ORD1238,2023-07-24,115.59,PROD78
ORD1658,2023-07-24,491.91,PROD172
ORD1665,2023-07-25,185.86,PROD113
ORD1824,2023-07-25,45.58,PROD18
ORD1543,2023-07-25,404.81,PROD183
ORD1649,2023-07-26,429.95,PROD6
ORD1814,2023-07-26,470.23,PROD131
ORD1721,2023-07-26,351.61,PROD11
ORD1368,2023-07-26,29.07,PROD42
ORD1388,2023-07-26,275.5,PROD119
ORD1558,2023-07-27,181.97,PROD166
ORD1539,2023-07-28,345.57,PROD172
ORD1843,2023-07-28,135.34,PROD47
ORD1997,2023-07-28,209.99,PROD108
ORD1371,2023-07-28,135.09,PROD120
ORD1442,2023-07-29,383.68,PROD99
ORD1228,2023-07-29,256.39,PROD177
ORD1042,2023-07-29,83.65,PROD4
ORD1072,2023-07-31,479.34,PROD55
ORD1860,2023-07-31,100.28,PROD118
ORD1692,2023-07-31,225.01,PROD145
ORD1551,2023-08-01,462.22,PROD51
ORD1640,2023-08-01,132.14,PROD89
ORD1752,2023-08-01,442.98,PROD108
ORD1257,2023-08-01,348.82,PROD28
ORD1764,2023-08-01,276.97,PROD33
ORD1444,2023-08-01,82.45,PROD129
ORD1217,2023-08-02,352.86,PROD32
ORD1377,2023-08-02,18.66,PROD80
ORD1638,2023-08-03,448.06,PROD126
ORD1441,2023-08-03,307.36,PROD4
ORD1889,2023-08-03,102.07,PROD49
ORD1273,2023-08-04,183.57,PROD42
ORD1212,2023-08-04,449.6,PROD103
ORD1088,2023-08-04,96.43,PROD50
ORD1855,2023-08-05,40.84,PROD163
ORD1304,2023-08-05,85.69,PROD139
ORD1040,2023-08-06,216.56,PROD144
ORD1857,2023-08-06,434.08,PROD25
ORD1123,2023-08-06,498.57,PROD110
ORD1194,2023-08-06,51.96,PROD170
ORD1729,2023-08-07,142.74,PROD177
ORD1406,2023-08-07,230.3,PROD157
ORD1763,2023-08-07,42.26,PROD173
ORD1211,2023-08-08,120.54,PROD139
ORD1690,2023-08-08,498.86,PROD174
ORD1453,2023-08-08,177.09,PROD191
ORD1859,2023-08-09,95.24,PROD21
ORD1284,2023-08-10,332.92,PROD95
ORD1714,2023-08-10,361.0,PROD10
ORD1752,2023-08-10,331.26,PROD146
ORD1818,2023-08-10,415.85,PROD63
ORD1704,2023-08-10,478.42,PROD197
ORD1802,2023-08-11,186.08,PROD151
ORD1425,2023-08-11,50.56,PROD89
ORD1150,2023-08-11,152.09,PROD19
ORD1546,2023-08-11,421.72,PROD128
ORD1639,2023-08-12,75.36,PROD186
ORD1643,2023-08-12,306.35,PROD57
ORD1241,2023-08-12,469.98,PROD58
ORD1774,2023-08-12,211.43,PROD82
ORD1171,2023-08-12,149.62,PROD194
ORD1139,2023-08-13,14.65,PROD95
ORD1594,2023-08-13,142.93,PROD89
ORD1681,2023-08-14,475.18,PROD163
ORD1229,2023-08-14,10.37,PROD25
ORD1887,2023-08-14,390.9,PROD178
ORD1629,2023-08-16,447.06,PROD192
ORD1274,2023-08-16,93.4,PROD126
ORD1900,2023-08-16,479.5,PROD112
ORD1993,2023-08-16,174.54,PROD179
ORD1485,2023-08-17,410.76,PROD125
ORD1652,2023-08-17,65.04,PROD78
ORD1701,2023-08-18,283.26,PROD101
ORD1421,2023-08-19,292.4,PROD17
ORD1242,2023-08-19,488.01,PROD152
ORD1456,2023-08-20,421.86,PROD183
ORD1986,2023-08-20,434.53,PROD63
ORD1197,2023-08-20,72.12,PROD32
ORD1075,2023-08-20,445.1,PROD85
ORD1338,2023-08-21,449.02,PROD78
ORD1965,2023-08-21,116.81,PROD99
ORD1174,2023-08-21,383.77,PROD131
ORD1517,2023-08-22,485.5,PROD104
ORD1885,2023-08-23,279.73,PROD71
ORD1305,2023-08-23,268.13,PROD34
ORD1860,2023-08-23,416.61,PROD127
ORD1874,2023-08-24,380.97,PROD118
ORD1598,2023-08-24,306.6,PROD186
ORD1287,2023-08-25,86.75,PROD93
ORD1736,2023-08-25,24.45,PROD31
ORD1403,2023-08-26,400.31,PROD56
ORD1684,2023-08-27,298.48,PROD51
ORD1310,2023-08-27,407.55,PROD60
ORD1726,2023-08-27,202.88,PROD126
ORD1472,2023-08-27,249.69,PROD182
ORD1981,2023-08-27,481.63,PROD20
ORD1007,2023-08-27,203.12,PROD120
ORD1320,2023-08-29,202.29,PROD148
ORD1948,2023-08-30,29.68,PROD102
ORD1176,2023-08-30,374.05,PROD81
ORD1018,2023-08-30,117.02,PROD22
ORD1919,2023-08-30,415.73,PROD95
ORD1135,2023-08-31,21.45,PROD163
ORD1107,2023-08-31,70.01,PROD94
ORD1092,2023-09-01,481.87,PROD173
ORD1380,2023-09-01,164.92,PROD31
ORD1334,2023-09-02,57.94,PROD53
ORD1312,2023-09-02,102.57,PROD20
ORD1059,2023-09-02,162.52,PROD164
ORD1659,2023-09-03,277.04,PROD18
ORD1075,2023-09-03,91.34,PROD127
ORD1638,2023-09-03,306.65,PROD56
ORD1904,2023-09-03,230.83,PROD27
ORD1723,2023-09-05,376.96,PROD199
ORD1979,2023-09-05,390.09,PROD62
ORD1924,2023-09-05,303.99,PROD113
ORD1307,2023-09-05,96.15,PROD4
ORD1972,2023-09-06,176.57,PROD91
ORD1900,2023-09-06,54.61,PROD84
ORD1415,2023-09-06,490.59,PROD103
ORD1269,2023-09-07,309.13,PROD147
ORD1033,2023-09-07,62.26,PROD107
ORD1620,2023-09-07,116.24,PROD51
ORD1346,2023-09-07,354.15,PROD200
ORD1467,2023-09-07,63.23,PROD23
ORD1539,2023-09-07,171.85,PROD115
ORD1481,2023-09-07,493.44,PROD144
ORD1613,2023-09-08,390.39,PROD56
ORD1983,2023-09-09,170.88,PROD37
ORD1720,2023-09-09,354.02,PROD138
ORD1941,2023-09-10,352.08,PROD125
ORD1609,2023-09-11,264.96,PROD101
ORD1524,2023-09-11,327.92,PROD93
ORD1553,2023-09-11,374.66,PROD182
ORD1002,2023-09-12,346.49,PROD100
ORD1823,2023-09-12,28.91,PROD190
ORD1659,2023-09-13,493.94,PROD6
ORD1941,2023-09-13,304.7,PROD197
ORD1734,2023-09-13,36.47,PROD128
ORD1341,2023-09-13,434.5,PROD116
ORD1766,2023-09-13,57.19,PROD129
ORD1488,2023-09-14,297.91,PROD161
ORD1366,2023-09-14,500.0,PROD182
ORD1110,2023-09-14,24.92,PROD55
ORD1436,2023-09-14,347.14,PROD71
ORD1555,2023-09-15,14.42,PROD49
ORD1167,2023-09-15,18.76,PROD17
ORD1667,2023-09-15,412.09,PROD53
ORD1654,2023-09-15,284.9,PROD130
ORD1540,2023-09-16,248.79,PROD13
ORD1251,2023-09-17,121.47,PROD113
ORD1511,2023-09-17,491.03,PROD103
ORD1787,2023-09-17,291.64,PROD55
ORD1668,2023-09-18,357.09,PROD121
ORD1333,2023-09-19,341.0,PROD146
ORD1242,2023-09-20,472.42,PROD49
ORD1837,2023-09-20,279.47,PROD123
ORD1420,2023-09-21,499.9,PROD56
ORD1006,2023-09-22,398.52,PROD157
ORD1609,2023-09-22,126.9,PROD132
ORD1091,2023-09-23,247.72,PROD132
ORD1148,2023-09-23,338.61,PROD96
ORD1752,2023-09-24,269.57,PROD4
ORD1765,2023-09-24,280.87,PROD20
ORD1049,2023-09-25,123.87,PROD151
ORD1446,2023-09-25,400.77,PROD129
ORD1897,2023-09-25,309.97,PROD147
ORD1179,2023-09-25,436.53,PROD186
ORD1882,2023-09-26,171.93,PROD189
ORD1089,2023-09-26,314.53,PROD182
ORD1243,2023-09-26,309.59,PROD105
ORD1359,2023-09-27,93.62,PROD95
ORD1640,2023-09-27,422.39,PROD65
ORD1520,2023-09-27,118.72,PROD23
ORD1910,2023-09-28,402.01,PROD50
ORD1484,2023-09-28,112.0,PROD108
ORD1322,2023-09-28,134.25,PROD176
ORD1803,2023-09-28,211.66,PROD147
ORD1537,2023-09-28,166.75,PROD92
ORD1880,2023-09-28,434.57,PROD106
ORD1559,2023-09-29,499.53,PROD40
ORD1502,2023-09-29,42.4,PROD190
ORD1666,2023-09-29,117.0,PROD195
ORD1589,2023-09-30,196.03,PROD198
ORD1780,2023-09-30,185.61,PROD63
ORD1740,2023-09-30,477.28,PROD148
ORD1764,2023-10-01,125.83,PROD107
ORD1685,2023-10-01,38.42,PROD92
ORD1598,2023-10-01,89.4,PROD161
ORD1401,2023-10-01,216.74,PROD193
ORD1327,2023-10-03,346.42,PROD49
ORD1937,2023-10-05,382.2,PROD151
ORD1842,2023-10-06,29.64,PROD121
ORD1465,2023-10-06,386.23,PROD198
ORD1320,2023-10-06,292.94,PROD169
ORD1682,2023-10-06,200.47,PROD53
ORD1685,2023-10-06,291.97,PROD37
ORD1849,2023-10-06,200.8,PROD100
ORD1285,2023-10-07,186.56,PROD184
ORD1488,2023-10-09,433.73,PROD24
ORD1927,2023-10-09,347.78,PROD13
ORD1313,2023-10-10,213.73,PROD30
ORD1476,2023-10-10,49.06,PROD16
ORD1254,2023-10-11,152.93,PROD76
ORD1609,2023-10-11,250.26,PROD71
ORD1437,2023-10-11,456.39,PROD60
ORD1648,2023-10-12,93.87,PROD154
ORD1155,2023-10-12,425.61,PROD116
ORD1901,2023-10-12,482.82,PROD39
ORD1011,2023-10-12,496.83,PROD41
ORD1870,2023-10-13,495.08,PROD62
ORD1950,2023-10-14,108.43,PROD128
ORD1832,2023-10-14,72.3,PROD37
ORD1908,2023-10-14,119.81,PROD123
ORD1910,2023-10-14,167.47,PROD25
ORD1803,2023-10-14,324.29,PROD114
ORD1250,2023-10-14,303.7,PROD192
ORD1218,2023-10-14,412.55,PROD15
ORD1938,2023-10-15,343.3,PROD159
ORD1556,2023-10-15,150.59,PROD4
ORD1503,2023-10-15,458.8,PROD18
ORD1194,2023-10-16,153.06,PROD72
ORD1236,2023-10-16,420.81,PROD169
ORD1025,2023-10-17,47.93,PROD31
ORD1548,2023-10-18,139.78,PROD158
ORD1969,2023-10-18,153.33,PROD88
ORD1555,2023-10-19,244.32,PROD22
ORD1717,2023-10-19,38.11,PROD12
ORD1647,2023-10-19,253.57,PROD160
ORD1650,2023-10-20,85.19,PROD14
ORD1444,2023-10-20,488.52,PROD188
ORD1266,2023-10-21,309.7,PROD56
ORD1179,2023-10-21,190.73,PROD15
ORD1061,2023-10-21,87.18,PROD143
ORD1540,2023-10-21,37.67,PROD146
ORD1418,2023-10-22,257.02,PROD112
ORD1883,2023-10-23,440.71,PROD173
ORD1955,2023-10-23,188.1,PROD12
ORD1503,2023-10-23,367.72,PROD103
ORD1171,2023-10-23,217.1,PROD60
ORD1784,2023-10-23,298.68,PROD140
ORD1663,2023-10-23,448.94,PROD35
ORD1854,2023-10-24,64.49,PROD124
ORD1414,2023-10-25,118.08,PROD80
ORD1878,2023-10-25,475.51,PROD22
ORD1716,2023-10-27,11.42,PROD110
ORD1766,2023-10-28,45.31,PROD39
ORD1768,2023-10-29,219.72,PROD152
ORD1803,2023-10-29,231.94,PROD55
ORD1387,2023-10-29,437.77,PROD26
ORD1493,2023-10-29,330.43,PROD47
ORD1811,2023-10-29,58.11,PROD57
ORD1272,2023-10-30,279.4,PROD8
ORD1275,2023-10-30,242.64,PROD76
ORD1332,2023-10-30,147.25,PROD160
ORD1076,2023-10-31,238.73,PROD76
ORD1675,2023-10-31,183.72,PROD119
ORD1253,2023-10-31,371.49,PROD73
ORD1507,2023-10-31,434.03,PROD154
ORD1099,2023-11-01,34.63,PROD162
ORD1771,2023-11-01,292.89,PROD75
ORD1205,2023-11-01,349.65,PROD115
ORD1380,2023-11-01,241.37,PROD40
ORD1741,2023-11-02,428.29,PROD125
ORD1082,2023-11-02,220.14,PROD36
ORD1897,2023-11-02,124.48,PROD128
ORD1608,2023-11-02,111.0,PROD116
ORD1629,2023-11-02,134.61,PROD123
ORD1859,2023-11-03,417.68,PROD185
ORD1857,2023-11-03,219.75,PROD29
ORD1807,2023-11-03,58.28,PROD76
ORD1024,2023-11-03,223.34,PROD28
ORD1749,2023-11-03,241.77,PROD147
ORD1230,2023-11-04,44.79,PROD51
ORD1043,2023-11-04,475.48,PROD7
ORD1881,2023-11-04,126.23,PROD157
ORD1887,2023-11-05,428.14,PROD157
ORD1883,2023-11-05,117.66,PROD12
ORD1157,2023-11-06,372.88,PROD15
ORD1958,2023-11-06,235.34,PROD43
ORD1355,2023-11-06,464.27,PROD147
ORD1663,2023-11-07,325.65,PROD5
ORD1276,2023-11-07,452.65,PROD89
ORD1412,2023-11-07,22.12,PROD31
ORD1199,2023-11-08,177.75,PROD29
ORD1879,2023-11-08,463.95,PROD134
ORD1483,2023-11-08,453.74,PROD141
ORD1963,2023-11-08,268.3,PROD87
ORD1801,2023-11-08,495.5,PROD159
ORD1031,2023-11-09,190.71,PROD88
ORD1152,2023-11-10,318.97,PROD162
ORD1265,2023-11-10,31.68,PROD54
ORD1214,2023-11-11,390.39,PROD91
ORD1577,2023-11-11,271.65,PROD158
ORD1392,2023-11-12,276.16,PROD84
ORD1179,2023-11-12,124.06,PROD33
ORD1707,2023-11-13,296.21,PROD142
ORD1029,2023-11-13,205.22,PROD192
ORD1662,2023-11-13,240.67,PROD195
ORD1891,2023-11-13,121.77,PROD90
ORD1833,2023-11-14,347.97,PROD33
ORD1654,2023-11-14,429.56,PROD112
ORD1263,2023-11-15,487.24,PROD190
ORD1773,2023-11-15,389.41,PROD66
ORD1224,2023-11-16,406.41,PROD151
ORD1552,2023-11-16,414.04,PROD152
ORD1970,2023-11-16,252.11,PROD45
ORD1577,2023-11-17,166.9,PROD160
ORD1672,2023-11-17,339.35,PROD24
ORD1521,2023-11-17,340.74,PROD22
ORD1048,2023-11-18,387.68,PROD136
ORD1064,2023-11-19,334.86,PROD85
ORD1892,2023-11-19,61.8,PROD152
ORD1527,2023-11-20,26.37,PROD47
ORD1176,2023-11-20,141.93,PROD88
ORD1813,2023-11-20,63.82,PROD69
ORD1347,2023-11-20,135.52,PROD184
ORD1502,2023-11-20,368.08,PROD155
ORD1992,2023-11-20,271.0,PROD181
ORD1920,2023-11-20,476.63,PROD192
ORD1614,2023-11-20,379.17,PROD60
ORD1391,2023-11-20,141.27,PROD68
ORD1565,2023-11-20,37.09,PROD129
ORD1570,2023-11-20,96.7,PROD123
ORD1568,2023-11-21,334.41,PROD92
ORD1467,2023-11-22,223.33,PROD192
ORD1252,2023-11-22,154.58,PROD159
ORD1495,2023-11-22,489.22,PROD18
ORD1478,2023-11-22,199.91,PROD35
ORD1716,2023-11-23,371.43,PROD59
ORD1717,2023-11-24,56.91,PROD32
ORD1940,2023-11-24,60.65,PROD32
ORD1104,2023-11-25,218.81,PROD198
ORD1231,2023-11-25,183.43,PROD132
ORD1884,2023-11-25,450.12,PROD172
ORD1755,2023-11-25,275.79,PROD128
ORD1113,2023-11-26,445.18,PROD80
ORD1619,2023-11-26,119.37,PROD189
ORD1371,2023-11-26,163.56,PROD82
ORD1839,2023-11-27,104.72,PROD58
ORD1291,2023-11-28,73.77,PROD180
ORD1860,2023-11-28,419.61,PROD100
ORD1635,2023-11-29,222.15,PROD187
ORD1894,2023-11-30,39.06,PROD176
ORD1773,2023-11-30,298.4,PROD192
ORD1441,2023-12-01,395.6,PROD5
ORD1858,2023-12-01,387.23,PROD189
ORD1609,2023-12-02,74.71,PROD174
ORD1153,2023-12-03,284.86,PROD60
ORD1813,2023-12-04,341.28,PROD47
ORD1531,2023-12-04,32.68,PROD136
ORD1119,2023-12-04,215.09,PROD78
ORD1610,2023-12-05,185.66,PROD200
ORD1499,2023-12-05,247.32,PROD22
ORD1064,2023-12-05,203.44,PROD196
ORD1730,2023-12-05,377.29,PROD199
ORD1560,2023-12-06,480.09,PROD94
ORD1257,2023-12-06,19.24,PROD49
ORD1593,2023-12-06,175.25,PROD171
ORD1346,2023-12-06,189.48,PROD54
ORD1922,2023-12-06,420.43,PROD90
ORD1873,2023-12-07,382.5,PROD185
ORD1589,2023-12-07,215.2,PROD103
ORD1702,2023-12-07,160.64,PROD163
ORD1680,2023-12-08,173.86,PROD105
ORD1209,2023-12-08,424.67,PROD123
ORD1797,2023-12-08,82.22,PROD111
ORD1020,2023-12-08,192.14,PROD4
ORD1751,2023-12-08,87.47,PROD100
ORD1865,2023-12-09,419.96,PROD195
ORD1111,2023-12-10,25.82,PROD150
ORD1713,2023-12-10,164.48,PROD42
ORD1760,2023-12-10,189.25,PROD15
ORD1622,2023-12-10,122.58,PROD41
ORD1124,2023-12-12,414.26,PROD155
ORD1950,2023-12-12,399.22,PROD36
ORD1541,2023-12-12,312.19,PROD132
ORD1754,2023-12-12,88.47,PROD162
ORD1677,2023-12-13,138.83,PROD172
ORD1554,2023-12-14,199.17,PROD158
ORD1645,2023-12-14,391.4,PROD74
ORD1492,2023-12-14,293.79,PROD175
ORD1432,2023-12-15,487.95,PROD56
ORD1363,2023-12-16,149.12,PROD67
ORD1915,2023-12-16,124.11,PROD162
ORD1438,2023-12-17,307.83,PROD121
ORD1201,2023-12-17,363.96,PROD45
ORD1455,2023-12-18,463.93,PROD129
ORD1979,2023-12-18,445.65,PROD27
ORD1428,2023-12-18,387.46,PROD93
ORD1574,2023-12-19,446.24,PROD153
ORD1638,2023-12-19,160.93,PROD127
ORD1548,2023-12-19,351.79,PROD148
ORD1615,2023-12-19,40.96,PROD131
ORD1194,2023-12-19,280.6,PROD58
ORD1544,2023-12-19,242.18,PROD129
ORD1980,2023-12-19,121.02,PROD193
ORD1097,2023-12-20,124.21,PROD105
ORD1471,2023-12-20,227.89,PROD98
ORD1350,2023-12-20,91.89,PROD89
ORD1112,2023-12-20,57.63,PROD12
ORD1150,2023-12-20,21.09,PROD149
ORD1681,2023-12-21,39.45,PROD174
ORD1766,2023-12-21,489.53,PROD185
ORD1994,2023-12-22,351.32,PROD88
ORD1834,2023-12-22,203.32,PROD171
ORD1243,2023-12-22,274.09,PROD87
ORD1541,2023-12-23,346.44,PROD9
ORD1102,2023-12-23,109.61,PROD14
ORD1608,2023-12-23,364.19,PROD103
ORD1135,2023-12-23,38.02,PROD16
ORD1664,2023-12-23,472.89,PROD67
ORD1761,2023-12-24,31.29,PROD155
ORD1171,2023-12-24,201.3,PROD1
ORD1510,2023-12-24,463.33,PROD104
ORD1167,2023-12-25,366.38,PROD63
ORD1880,2023-12-25,244.31,PROD183
ORD1640,2023-12-26,161.54,PROD11
ORD1650,2023-12-26,26.61,PROD189
ORD1541,2023-12-27,78.88,PROD45
ORD1771,2023-12-28,287.53,PROD183
ORD1859,2023-12-28,43.8,PROD115
ORD1697,2023-12-28,395.56,PROD131
ORD1755,2023-12-28,206.63,PROD101
ORD1793,2023-12-29,49.28,PROD72
ORD1386,2023-12-29,25.68,PROD174
ORD1162,2023-12-29,192.7,PROD34
ORD1138,2023-12-29,284.9,PROD46
ORD1736,2023-12-29,177.85,PROD197
ORD1971,2023-12-30,445.76,PROD68
ORD1902,2023-12-30,250.13,PROD117
ORD1081,2023-12-30,227.23,PROD164
ORD1053,2023-12-30,172.96,PROD16
ORD1717,2023-12-31,456.75,PROD70
ORD1236,2023-12-31,441.85,PROD136
ORD1973,2023-12-31,183.03,PROD110
